{
  "parent": "minecraft:block/furnace",
  "overrides": [
    {
      "predicate": {
        "custom_model_data": 480900
      },
      "model": "jmmf:block/cooking_station/block"
    },
    {
      "predicate": {
        "custom_model_data": 1430000
      },
      "model": "simpledrawer:block/new_drawer/oak_full_drawers_1"
    },
    {
      "predicate": {
        "custom_model_data": 1430000,
        "trim_type": 0.143
      },
      "model": "simpledrawer:block/new_drawer/oak_full_drawers_1"
    },
    {
      "predicate": {
        "custom_model_data": 1430000,
        "trim_type": 0.143001
      },
      "model": "simpledrawer:block/new_drawer/spruce_full_drawers_1"
    },
    {
      "predicate": {
        "custom_model_data": 1430000,
        "trim_type": 0.143002
      },
      "model": "simpledrawer:block/new_drawer/birch_full_drawers_1"
    },
    {
      "predicate": {
        "custom_model_data": 1430000,
        "trim_type": 0.143003
      },
      "model": "simpledrawer:block/new_drawer/jungle_full_drawers_1"
    },
    {
      "predicate": {
        "custom_model_data": 1430000,
        "trim_type": 0.143004
      },
      "model": "simpledrawer:block/new_drawer/acacia_full_drawers_1"
    },
    {
      "predicate": {
        "custom_model_data": 1430000,
        "trim_type": 0.143005
      },
      "model": "simpledrawer:block/new_drawer/dark_oak_full_drawers_1"
    },
    {
      "predicate": {
        "custom_model_data": 1430000,
        "trim_type": 0.143006
      },
      "model": "simpledrawer:block/new_drawer/mangrove_full_drawers_1"
    },
    {
      "predicate": {
        "custom_model_data": 1430000,
        "trim_type": 0.143007
      },
      "model": "simpledrawer:block/new_drawer/cherry_full_drawers_1"
    },
    {
      "predicate": {
        "custom_model_data": 1430000,
        "trim_type": 0.143008
      },
      "model": "simpledrawer:block/new_drawer/crimson_full_drawers_1"
    },
    {
      "predicate": {
        "custom_model_data": 1430000,
        "trim_type": 0.143009
      },
      "model": "simpledrawer:block/new_drawer/warped_full_drawers_1"
    },
    {
      "predicate": {
        "custom_model_data": 1430000,
        "trim_type": 0.14301
      },
      "model": "simpledrawer:block/new_drawer/bamboo_full_drawers_1"
    },
    {
      "predicate": {
        "custom_model_data": 1430000,
        "trim_type": 0.143011
      },
      "model": "simpledrawer:block/new_drawer/compdrawers_open1"
    },
    {
      "predicate": {
        "custom_model_data": 1430000,
        "trim_type": 0.143012
      },
      "model": "simpledrawer:block/new_drawer/ice_full_drawers_1"
    },
    {
      "predicate": {
        "custom_model_data": 1430001,
        "trim_type": 0.143
      },
      "model": "simpledrawer:block/new_drawer/oak_full_drawers_2"
    },
    {
      "predicate": {
        "custom_model_data": 1430001,
        "trim_type": 0.143001
      },
      "model": "simpledrawer:block/new_drawer/spruce_full_drawers_2"
    },
    {
      "predicate": {
        "custom_model_data": 1430001,
        "trim_type": 0.143002
      },
      "model": "simpledrawer:block/new_drawer/birch_full_drawers_2"
    },
    {
      "predicate": {
        "custom_model_data": 1430001,
        "trim_type": 0.143003
      },
      "model": "simpledrawer:block/new_drawer/jungle_full_drawers_2"
    },
    {
      "predicate": {
        "custom_model_data": 1430001,
        "trim_type": 0.143004
      },
      "model": "simpledrawer:block/new_drawer/acacia_full_drawers_2"
    },
    {
      "predicate": {
        "custom_model_data": 1430001,
        "trim_type": 0.143005
      },
      "model": "simpledrawer:block/new_drawer/dark_oak_full_drawers_2"
    },
    {
      "predicate": {
        "custom_model_data": 1430001,
        "trim_type": 0.143006
      },
      "model": "simpledrawer:block/new_drawer/mangrove_full_drawers_2"
    },
    {
      "predicate": {
        "custom_model_data": 1430001,
        "trim_type": 0.143007
      },
      "model": "simpledrawer:block/new_drawer/cherry_full_drawers_2"
    },
    {
      "predicate": {
        "custom_model_data": 1430001,
        "trim_type": 0.143008
      },
      "model": "simpledrawer:block/new_drawer/crimson_full_drawers_2"
    },
    {
      "predicate": {
        "custom_model_data": 1430001,
        "trim_type": 0.143009
      },
      "model": "simpledrawer:block/new_drawer/warped_full_drawers_2"
    },
    {
      "predicate": {
        "custom_model_data": 1430001,
        "trim_type": 0.14301
      },
      "model": "simpledrawer:block/new_drawer/bamboo_full_drawers_2"
    },
    {
      "predicate": {
        "custom_model_data": 1430001,
        "trim_type": 0.143011
      },
      "model": "simpledrawer:block/new_drawer/compdrawers_open2"
    },
    {
      "predicate": {
        "custom_model_data": 1430001,
        "trim_type": 0.143012
      },
      "model": "simpledrawer:block/new_drawer/ice_full_drawers_2"
    },
    {
      "predicate": {
        "custom_model_data": 1430002,
        "trim_type": 0.143
      },
      "model": "simpledrawer:block/new_drawer/oak_full_drawers_4"
    },
    {
      "predicate": {
        "custom_model_data": 1430002,
        "trim_type": 0.143001
      },
      "model": "simpledrawer:block/new_drawer/spruce_full_drawers_4"
    },
    {
      "predicate": {
        "custom_model_data": 1430002,
        "trim_type": 0.143002
      },
      "model": "simpledrawer:block/new_drawer/birch_full_drawers_4"
    },
    {
      "predicate": {
        "custom_model_data": 1430002,
        "trim_type": 0.143003
      },
      "model": "simpledrawer:block/new_drawer/jungle_full_drawers_4"
    },
    {
      "predicate": {
        "custom_model_data": 1430002,
        "trim_type": 0.143004
      },
      "model": "simpledrawer:block/new_drawer/acacia_full_drawers_4"
    },
    {
      "predicate": {
        "custom_model_data": 1430002,
        "trim_type": 0.143005
      },
      "model": "simpledrawer:block/new_drawer/dark_oak_full_drawers_4"
    },
    {
      "predicate": {
        "custom_model_data": 1430002,
        "trim_type": 0.143006
      },
      "model": "simpledrawer:block/new_drawer/mangrove_full_drawers_4"
    },
    {
      "predicate": {
        "custom_model_data": 1430002,
        "trim_type": 0.143007
      },
      "model": "simpledrawer:block/new_drawer/cherry_full_drawers_4"
    },
    {
      "predicate": {
        "custom_model_data": 1430002,
        "trim_type": 0.143008
      },
      "model": "simpledrawer:block/new_drawer/crimson_full_drawers_4"
    },
    {
      "predicate": {
        "custom_model_data": 1430002,
        "trim_type": 0.143009
      },
      "model": "simpledrawer:block/new_drawer/warped_full_drawers_4"
    },
    {
      "predicate": {
        "custom_model_data": 1430002,
        "trim_type": 0.14301
      },
      "model": "simpledrawer:block/new_drawer/bamboo_full_drawers_4"
    },
    {
      "predicate": {
        "custom_model_data": 1430002,
        "trim_type": 0.143011
      },
      "model": "simpledrawer:block/new_drawer/compdrawers_open3"
    },
    {
      "predicate": {
        "custom_model_data": 1430002,
        "trim_type": 0.143012
      },
      "model": "simpledrawer:block/new_drawer/ice_full_drawers_4"
    },
    {
      "predicate": {
        "custom_model_data": 1430003,
        "trim_type": 0.143
      },
      "model": "simpledrawer:block/new_drawer/oak_full_drawers_1_tapped"
    },
    {
      "predicate": {
        "custom_model_data": 1430003,
        "trim_type": 0.143001
      },
      "model": "simpledrawer:block/new_drawer/spruce_full_drawers_1_tapped"
    },
    {
      "predicate": {
        "custom_model_data": 1430003,
        "trim_type": 0.143002
      },
      "model": "simpledrawer:block/new_drawer/birch_full_drawers_1_tapped"
    },
    {
      "predicate": {
        "custom_model_data": 1430003,
        "trim_type": 0.143003
      },
      "model": "simpledrawer:block/new_drawer/jungle_full_drawers_1_tapped"
    },
    {
      "predicate": {
        "custom_model_data": 1430003,
        "trim_type": 0.143004
      },
      "model": "simpledrawer:block/new_drawer/acacia_full_drawers_1_tapped"
    },
    {
      "predicate": {
        "custom_model_data": 1430003,
        "trim_type": 0.143005
      },
      "model": "simpledrawer:block/new_drawer/dark_oak_full_drawers_1_tapped"
    },
    {
      "predicate": {
        "custom_model_data": 1430003,
        "trim_type": 0.143006
      },
      "model": "simpledrawer:block/new_drawer/mangrove_full_drawers_1_tapped"
    },
    {
      "predicate": {
        "custom_model_data": 1430003,
        "trim_type": 0.143007
      },
      "model": "simpledrawer:block/new_drawer/cherry_full_drawers_1_tapped"
    },
    {
      "predicate": {
        "custom_model_data": 1430003,
        "trim_type": 0.143008
      },
      "model": "simpledrawer:block/new_drawer/crimson_full_drawers_1_tapped"
    },
    {
      "predicate": {
        "custom_model_data": 1430003,
        "trim_type": 0.143009
      },
      "model": "simpledrawer:block/new_drawer/warped_full_drawers_1_tapped"
    },
    {
      "predicate": {
        "custom_model_data": 1430003,
        "trim_type": 0.14301
      },
      "model": "simpledrawer:block/new_drawer/bamboo_full_drawers_1_tapped"
    },
    {
      "predicate": {
        "custom_model_data": 1430003,
        "trim_type": 0.143011
      },
      "model": "simpledrawer:block/new_drawer/compdrawers_open1_tapped"
    },
    {
      "predicate": {
        "custom_model_data": 1430003,
        "trim_type": 0.143012
      },
      "model": "simpledrawer:block/new_drawer/ice_full_drawers_1_tapped"
    },
    {
      "predicate": {
        "custom_model_data": 1430004,
        "trim_type": 0.143
      },
      "model": "simpledrawer:block/new_drawer/oak_full_drawers_2_tapped"
    },
    {
      "predicate": {
        "custom_model_data": 1430004,
        "trim_type": 0.143001
      },
      "model": "simpledrawer:block/new_drawer/spruce_full_drawers_2_tapped"
    },
    {
      "predicate": {
        "custom_model_data": 1430004,
        "trim_type": 0.143002
      },
      "model": "simpledrawer:block/new_drawer/birch_full_drawers_2_tapped"
    },
    {
      "predicate": {
        "custom_model_data": 1430004,
        "trim_type": 0.143003
      },
      "model": "simpledrawer:block/new_drawer/jungle_full_drawers_2_tapped"
    },
    {
      "predicate": {
        "custom_model_data": 1430004,
        "trim_type": 0.143004
      },
      "model": "simpledrawer:block/new_drawer/acacia_full_drawers_2_tapped"
    },
    {
      "predicate": {
        "custom_model_data": 1430004,
        "trim_type": 0.143005
      },
      "model": "simpledrawer:block/new_drawer/dark_oak_full_drawers_2_tapped"
    },
    {
      "predicate": {
        "custom_model_data": 1430004,
        "trim_type": 0.143006
      },
      "model": "simpledrawer:block/new_drawer/mangrove_full_drawers_2_tapped"
    },
    {
      "predicate": {
        "custom_model_data": 1430004,
        "trim_type": 0.143007
      },
      "model": "simpledrawer:block/new_drawer/cherry_full_drawers_2_tapped"
    },
    {
      "predicate": {
        "custom_model_data": 1430004,
        "trim_type": 0.143008
      },
      "model": "simpledrawer:block/new_drawer/crimson_full_drawers_2_tapped"
    },
    {
      "predicate": {
        "custom_model_data": 1430004,
        "trim_type": 0.143009
      },
      "model": "simpledrawer:block/new_drawer/warped_full_drawers_2_tapped"
    },
    {
      "predicate": {
        "custom_model_data": 1430004,
        "trim_type": 0.14301
      },
      "model": "simpledrawer:block/new_drawer/bamboo_full_drawers_2_tapped"
    },
    {
      "predicate": {
        "custom_model_data": 1430004,
        "trim_type": 0.143011
      },
      "model": "simpledrawer:block/new_drawer/compdrawers_open2_tapped"
    },
    {
      "predicate": {
        "custom_model_data": 1430004,
        "trim_type": 0.143012
      },
      "model": "simpledrawer:block/new_drawer/ice_full_drawers_2_tapped"
    },
    {
      "predicate": {
        "custom_model_data": 1430005,
        "trim_type": 0.143
      },
      "model": "simpledrawer:block/new_drawer/oak_full_drawers_4_tapped"
    },
    {
      "predicate": {
        "custom_model_data": 1430005,
        "trim_type": 0.143001
      },
      "model": "simpledrawer:block/new_drawer/spruce_full_drawers_4_tapped"
    },
    {
      "predicate": {
        "custom_model_data": 1430005,
        "trim_type": 0.143002
      },
      "model": "simpledrawer:block/new_drawer/birch_full_drawers_4_tapped"
    },
    {
      "predicate": {
        "custom_model_data": 1430005,
        "trim_type": 0.143003
      },
      "model": "simpledrawer:block/new_drawer/jungle_full_drawers_4_tapped"
    },
    {
      "predicate": {
        "custom_model_data": 1430005,
        "trim_type": 0.143004
      },
      "model": "simpledrawer:block/new_drawer/acacia_full_drawers_4_tapped"
    },
    {
      "predicate": {
        "custom_model_data": 1430005,
        "trim_type": 0.143005
      },
      "model": "simpledrawer:block/new_drawer/dark_oak_full_drawers_4_tapped"
    },
    {
      "predicate": {
        "custom_model_data": 1430005,
        "trim_type": 0.143006
      },
      "model": "simpledrawer:block/new_drawer/mangrove_full_drawers_4_tapped"
    },
    {
      "predicate": {
        "custom_model_data": 1430005,
        "trim_type": 0.143007
      },
      "model": "simpledrawer:block/new_drawer/cherry_full_drawers_4_tapped"
    },
    {
      "predicate": {
        "custom_model_data": 1430005,
        "trim_type": 0.143008
      },
      "model": "simpledrawer:block/new_drawer/crimson_full_drawers_4_tapped"
    },
    {
      "predicate": {
        "custom_model_data": 1430005,
        "trim_type": 0.143009
      },
      "model": "simpledrawer:block/new_drawer/warped_full_drawers_4_tapped"
    },
    {
      "predicate": {
        "custom_model_data": 1430005,
        "trim_type": 0.14301
      },
      "model": "simpledrawer:block/new_drawer/bamboo_full_drawers_4_tapped"
    },
    {
      "predicate": {
        "custom_model_data": 1430005,
        "trim_type": 0.143011
      },
      "model": "simpledrawer:block/new_drawer/compdrawers_open3_tapped"
    },
    {
      "predicate": {
        "custom_model_data": 1430005,
        "trim_type": 0.143012
      },
      "model": "simpledrawer:block/new_drawer/ice_full_drawers_4_tapped"
    },
    {
      "predicate": {
        "custom_model_data": 4250001
      },
      "model": "smithed.crafter:block/table"
    }
  ]
}
