{
  "parent": "minecraft:block/furnace",
  "overrides": [
    {
      "predicate": {
        "custom_model_data": 1430000,
        "trim_type": 0.143011
      },
      "model": "simpledrawer:block/new_drawer/compdrawers_open1"
    },
    {
      "predicate": {
        "custom_model_data": 1430001,
        "trim_type": 0.143011
      },
      "model": "simpledrawer:block/new_drawer/compdrawers_open2"
    },
    {
      "predicate": {
        "custom_model_data": 1430002,
        "trim_type": 0.143011
      },
      "model": "simpledrawer:block/new_drawer/compdrawers_open3"
    },
    {
      "predicate": {
        "custom_model_data": 1430003,
        "trim_type": 0.143011
      },
      "model": "simpledrawer:block/new_drawer/compdrawers_open1_tapped"
    },
    {
      "predicate": {
        "custom_model_data": 1430004,
        "trim_type": 0.143011
      },
      "model": "simpledrawer:block/new_drawer/compdrawers_open2_tapped"
    },
    {
      "predicate": {
        "custom_model_data": 1430005,
        "trim_type": 0.143011
      },
      "model": "simpledrawer:block/new_drawer/compdrawers_open3_tapped"
    },
    {
      "predicate": {
        "custom_model_data": 1430000
      },
      "model": "simpledrawer:block/new_drawer/oak_full_drawers_1"
    }
  ]
}
