{
  "credit": "Made with Blockbench",
  "texture_size": [
    32,
    32
  ],
  "textures": {
    "1": "item/hard_hat",
    "particle": "item/hard_hat"
  },
  "elements": [
    {
      "name": "layer_1",
      "from": [
        4,
        0,
        4
      ],
      "to": [
        12,
        4,
        12
      ],
      "rotation": {
        "angle": 0,
        "axis": "y",
        "origin": [
          7,
          0,
          7
        ]
      },
      "faces": {
        "north": {
          "uv": [
            0,
            12,
            4,
            14
          ],
          "texture": "#1"
        },
        "east": {
          "uv": [
            0,
            8,
            4,
            10
          ],
          "texture": "#1"
        },
        "south": {
          "uv": [
            0,
            10,
            4,
            12
          ],
          "texture": "#1"
        },
        "west": {
          "uv": [
            0,
            14,
            4,
            16
          ],
          "texture": "#1"
        },
        "up": {
          "uv": [
            4,
            4,
            0,
            0
          ],
          "texture": "#1"
        },
        "down": {
          "uv": [
            4,
            4,
            0,
            8
          ],
          "texture": "#1"
        }
      }
    },
    {
      "name": "layer_2",
      "from": [
        3.75,
        0,
        3.75
      ],
      "to": [
        12.25,
        4.25,
        12.25
      ],
      "rotation": {
        "angle": 0,
        "axis": "y",
        "origin": [
          7,
          0,
          7
        ]
      },
      "faces": {
        "north": {
          "uv": [
            12,
            12,
            16,
            14
          ],
          "texture": "#1"
        },
        "east": {
          "uv": [
            12,
            8,
            16,
            10
          ],
          "texture": "#1"
        },
        "south": {
          "uv": [
            12,
            10,
            16,
            12
          ],
          "texture": "#1"
        },
        "west": {
          "uv": [
            12,
            14,
            16,
            16
          ],
          "texture": "#1"
        },
        "up": {
          "uv": [
            16,
            4,
            12,
            0
          ],
          "texture": "#1"
        },
        "down": {
          "uv": [
            16,
            4,
            12,
            8
          ],
          "texture": "#1"
        }
      }
    },
    {
      "name": "brim",
      "from": [
        3.75,
        0,
        -0.5
      ],
      "to": [
        12.25,
        0,
        4
      ],
      "rotation": {
        "angle": 0,
        "axis": "y",
        "origin": [
          7,
          0,
          2.25
        ]
      },
      "faces": {
        "north": {
          "uv": [
            0,
            0,
            4,
            0
          ],
          "texture": "#1"
        },
        "east": {
          "uv": [
            0,
            0,
            2,
            0
          ],
          "texture": "#1"
        },
        "south": {
          "uv": [
            0,
            0,
            4,
            0
          ],
          "texture": "#1"
        },
        "west": {
          "uv": [
            0,
            0,
            2,
            0
          ],
          "texture": "#1"
        },
        "up": {
          "uv": [
            8,
            16,
            4,
            14
          ],
          "texture": "#1"
        },
        "down": {
          "uv": [
            8,
            12,
            4,
            14
          ],
          "texture": "#1"
        }
      }
    },
    {
      "name": "strap_side",
      "from": [
        4,
        -3,
        4
      ],
      "to": [
        4,
        0,
        12
      ],
      "rotation": {
        "angle": 0,
        "axis": "y",
        "origin": [
          2,
          -2,
          9
        ]
      },
      "faces": {
        "north": {
          "uv": [
            0,
            0,
            0,
            1.5
          ],
          "texture": "#1"
        },
        "east": {
          "uv": [
            7,
            7.5,
            11,
            9
          ],
          "texture": "#1"
        },
        "south": {
          "uv": [
            0,
            0,
            0,
            1.5
          ],
          "texture": "#1"
        },
        "west": {
          "uv": [
            7,
            3,
            11,
            4.5
          ],
          "texture": "#1"
        },
        "up": {
          "uv": [
            0,
            0,
            4,
            0
          ],
          "rotation": 270,
          "texture": "#1"
        },
        "down": {
          "uv": [
            0,
            0,
            4,
            0
          ],
          "rotation": 90,
          "texture": "#1"
        }
      }
    },
    {
      "name": "strap_side_2",
      "from": [
        12,
        -3,
        4
      ],
      "to": [
        12,
        0,
        12
      ],
      "rotation": {
        "angle": 0,
        "axis": "y",
        "origin": [
          10,
          -2,
          9
        ]
      },
      "faces": {
        "north": {
          "uv": [
            0,
            0,
            0,
            1.5
          ],
          "texture": "#1"
        },
        "east": {
          "uv": [
            7,
            6,
            11,
            7.5
          ],
          "texture": "#1"
        },
        "south": {
          "uv": [
            0,
            0,
            0,
            1.5
          ],
          "texture": "#1"
        },
        "west": {
          "uv": [
            7,
            4.5,
            11,
            6
          ],
          "texture": "#1"
        },
        "up": {
          "uv": [
            0,
            0,
            4,
            0
          ],
          "rotation": 270,
          "texture": "#1"
        },
        "down": {
          "uv": [
            0,
            0,
            4,
            0
          ],
          "rotation": 90,
          "texture": "#1"
        }
      }
    },
    {
      "name": "strap_back",
      "from": [
        4,
        -3,
        12
      ],
      "to": [
        12,
        0,
        12
      ],
      "rotation": {
        "angle": 0,
        "axis": "y",
        "origin": [
          7,
          -2,
          10
        ]
      },
      "faces": {
        "north": {
          "uv": [
            7,
            1.5,
            11,
            3
          ],
          "texture": "#1"
        },
        "east": {
          "uv": [
            0,
            0,
            0,
            1.5
          ],
          "texture": "#1"
        },
        "south": {
          "uv": [
            7,
            0,
            11,
            1.5
          ],
          "texture": "#1"
        },
        "west": {
          "uv": [
            0,
            0,
            0,
            1.5
          ],
          "texture": "#1"
        },
        "up": {
          "uv": [
            0,
            0,
            4,
            0
          ],
          "texture": "#1"
        },
        "down": {
          "uv": [
            0,
            0,
            4,
            0
          ],
          "texture": "#1"
        }
      }
    }
  ],
  "display": {
    "thirdperson_righthand": {
      "translation": [
        0,
        4,
        -1.75
      ],
      "scale": [
        0.9,
        0.9,
        0.9
      ]
    },
    "thirdperson_lefthand": {
      "translation": [
        0,
        4,
        -1.75
      ],
      "scale": [
        0.9,
        0.9,
        0.9
      ]
    },
    "firstperson_righthand": {
      "translation": [
        0,
        7,
        0
      ]
    },
    "firstperson_lefthand": {
      "translation": [
        0,
        7,
        0
      ]
    },
    "ground": {
      "translation": [
        0,
        7.25,
        0
      ]
    },
    "gui": {
      "rotation": [
        32,
        135,
        0
      ],
      "translation": [
        0,
        5.75,
        0
      ]
    },
    "head": {
      "translation": [
        0,
        15.75,
        0
      ],
      "scale": [
        1.81,
        1.81,
        1.81
      ]
    },
    "fixed": {
      "rotation": [
        -90,
        0,
        0
      ],
      "translation": [
        0,
        0,
        -7.5
      ]
    }
  },
  "groups": [
    0,
    1,
    2,
    {
      "name": "group",
      "origin": [
        10,
        -2,
        9
      ],
      "color": 0,
      "children": [
        3,
        4,
        5
      ]
    }
  ]
}
