{
  "parent": "item/generated",
  "textures": {
    "layer0": "item/suspicious_stew"
  },
  "overrides": [
    {
      "predicate": {
        "custom_model_data": 481220
      },
      "model": "jmmf:item/ice_cream/apple_ice_cream"
    },
    {
      "predicate": {
        "custom_model_data": 481221
      },
      "model": "jmmf:item/ice_cream/chocolate_ice_cream"
    },
    {
      "predicate": {
        "custom_model_data": 481222
      },
      "model": "jmmf:item/ice_cream/melon_ice_cream"
    },
    {
      "predicate": {
        "custom_model_data": 481223
      },
      "model": "jmmf:item/ice_cream/pumpkin_ice_cream"
    }
  ]
}
