{
  "providers": [
    {
      "type": "reference",
      "id": "minecraft:include/space"
    },
    {
      "type": "bitmap",
      "file": "simpledrawer:item/font/none_2_release.png",
      "ascent": 7,
      "height": 8,
      "chars": [
        "\uef00"
      ]
    },
    {
      "type": "bitmap",
      "file": "simpledrawer:item/font/none_3_release.png",
      "ascent": 7,
      "height": 8,
      "chars": [
        "\uef01"
      ]
    },
    {
      "type": "bitmap",
      "file": "simpledrawer:item/font/none_4_release.png",
      "ascent": 7,
      "height": 8,
      "chars": [
        "\uef02"
      ]
    },
    {
      "type": "bitmap",
      "file": "simpledrawer:item/font/none_5_release.png",
      "ascent": 7,
      "height": 8,
      "chars": [
        "\uef03"
      ]
    },
    {
      "type": "bitmap",
      "file": "simpledrawer:item/font/template_craft.png",
      "ascent": -3,
      "height": 68,
      "chars": [
        "\uef13"
      ]
    },
    {
      "type": "bitmap",
      "file": "simpledrawer:item/font/template_result.png",
      "ascent": -20,
      "height": 34,
      "chars": [
        "\uef14"
      ]
    },
    {
      "type": "bitmap",
      "file": "simpledrawer:item/font/drawer.png",
      "ascent": 7,
      "height": 64,
      "chars": [
        "\uee00"
      ]
    },
    {
      "type": "bitmap",
      "file": "simpledrawer:item/logo/github.png",
      "ascent": 7,
      "height": 25,
      "chars": [
        "\uee01"
      ]
    },
    {
      "type": "bitmap",
      "file": "simpledrawer:item/logo/pmc.png",
      "ascent": 7,
      "height": 25,
      "chars": [
        "\uee02"
      ]
    },
    {
      "type": "bitmap",
      "file": "simpledrawer:item/logo/smithed.png",
      "ascent": 7,
      "height": 25,
      "chars": [
        "\uee03"
      ]
    },
    {
      "type": "bitmap",
      "file": "simpledrawer:item/logo/modrinth.png",
      "ascent": 7,
      "height": 25,
      "chars": [
        "\uee04"
      ]
    },
    {
      "type": "bitmap",
      "file": "simpledrawer:render/simpledrawer/block/air.png",
      "ascent": 8,
      "height": 16,
      "chars": [
        "\uff04"
      ]
    },
    {
      "type": "bitmap",
      "file": "simpledrawer:render/simpledrawer/block/air.png",
      "ascent": 7,
      "height": 16,
      "chars": [
        "\uff05"
      ]
    },
    {
      "type": "bitmap",
      "file": "simpledrawer:render/simpledrawer/block/air.png",
      "ascent": 6,
      "height": 16,
      "chars": [
        "\uff06"
      ]
    },
    {
      "type": "bitmap",
      "file": "simpledrawer:render/minecraft/item/stick.png",
      "ascent": 8,
      "height": 16,
      "chars": [
        "\uff07"
      ]
    },
    {
      "type": "bitmap",
      "file": "simpledrawer:render/minecraft/item/stick.png",
      "ascent": 7,
      "height": 16,
      "chars": [
        "\uff08"
      ]
    },
    {
      "type": "bitmap",
      "file": "simpledrawer:render/minecraft/item/stick.png",
      "ascent": 6,
      "height": 16,
      "chars": [
        "\uff09"
      ]
    },
    {
      "type": "bitmap",
      "file": "simpledrawer:render/minecraft/item/barrel.png",
      "ascent": 8,
      "height": 16,
      "chars": [
        "\uff0a"
      ]
    },
    {
      "type": "bitmap",
      "file": "simpledrawer:render/minecraft/item/barrel.png",
      "ascent": 7,
      "height": 16,
      "chars": [
        "\uff0b"
      ]
    },
    {
      "type": "bitmap",
      "file": "simpledrawer:render/minecraft/item/barrel.png",
      "ascent": 6,
      "height": 16,
      "chars": [
        "\uff0c"
      ]
    },
    {
      "type": "bitmap",
      "file": "simpledrawer:render/minecraft/item/oak_planks.png",
      "ascent": 8,
      "height": 16,
      "chars": [
        "\uff0d"
      ]
    },
    {
      "type": "bitmap",
      "file": "simpledrawer:render/minecraft/item/oak_planks.png",
      "ascent": 7,
      "height": 16,
      "chars": [
        "\uff0e"
      ]
    },
    {
      "type": "bitmap",
      "file": "simpledrawer:render/minecraft/item/oak_planks.png",
      "ascent": 6,
      "height": 16,
      "chars": [
        "\uff0f"
      ]
    },
    {
      "type": "bitmap",
      "file": "simpledrawer:render/minecraft/item/iron_nugget.png",
      "ascent": 8,
      "height": 16,
      "chars": [
        "\uff10"
      ]
    },
    {
      "type": "bitmap",
      "file": "simpledrawer:render/minecraft/item/iron_nugget.png",
      "ascent": 7,
      "height": 16,
      "chars": [
        "\uff11"
      ]
    },
    {
      "type": "bitmap",
      "file": "simpledrawer:render/minecraft/item/iron_nugget.png",
      "ascent": 6,
      "height": 16,
      "chars": [
        "\uff12"
      ]
    },
    {
      "type": "bitmap",
      "file": "simpledrawer:render/minecraft/item/iron_ingot.png",
      "ascent": 8,
      "height": 16,
      "chars": [
        "\uff13"
      ]
    },
    {
      "type": "bitmap",
      "file": "simpledrawer:render/minecraft/item/iron_ingot.png",
      "ascent": 7,
      "height": 16,
      "chars": [
        "\uff14"
      ]
    },
    {
      "type": "bitmap",
      "file": "simpledrawer:render/minecraft/item/iron_ingot.png",
      "ascent": 6,
      "height": 16,
      "chars": [
        "\uff15"
      ]
    },
    {
      "type": "bitmap",
      "file": "simpledrawer:render/minecraft/item/diamond.png",
      "ascent": 8,
      "height": 16,
      "chars": [
        "\uff16"
      ]
    },
    {
      "type": "bitmap",
      "file": "simpledrawer:render/minecraft/item/diamond.png",
      "ascent": 7,
      "height": 16,
      "chars": [
        "\uff17"
      ]
    },
    {
      "type": "bitmap",
      "file": "simpledrawer:render/minecraft/item/diamond.png",
      "ascent": 6,
      "height": 16,
      "chars": [
        "\uff18"
      ]
    },
    {
      "type": "bitmap",
      "file": "simpledrawer:render/minecraft/item/nether_star.png",
      "ascent": 8,
      "height": 16,
      "chars": [
        "\uff19"
      ]
    },
    {
      "type": "bitmap",
      "file": "simpledrawer:render/minecraft/item/nether_star.png",
      "ascent": 7,
      "height": 16,
      "chars": [
        "\uff1a"
      ]
    },
    {
      "type": "bitmap",
      "file": "simpledrawer:render/minecraft/item/nether_star.png",
      "ascent": 6,
      "height": 16,
      "chars": [
        "\uff1b"
      ]
    },
    {
      "type": "bitmap",
      "file": "simpledrawer:render/minecraft/item/netherite_ingot.png",
      "ascent": 8,
      "height": 16,
      "chars": [
        "\uff1c"
      ]
    },
    {
      "type": "bitmap",
      "file": "simpledrawer:render/minecraft/item/netherite_ingot.png",
      "ascent": 7,
      "height": 16,
      "chars": [
        "\uff1d"
      ]
    },
    {
      "type": "bitmap",
      "file": "simpledrawer:render/minecraft/item/netherite_ingot.png",
      "ascent": 6,
      "height": 16,
      "chars": [
        "\uff1e"
      ]
    },
    {
      "type": "bitmap",
      "file": "simpledrawer:render/minecraft/item/redstone.png",
      "ascent": 8,
      "height": 16,
      "chars": [
        "\uff1f"
      ]
    },
    {
      "type": "bitmap",
      "file": "simpledrawer:render/minecraft/item/redstone.png",
      "ascent": 7,
      "height": 16,
      "chars": [
        "\uff20"
      ]
    },
    {
      "type": "bitmap",
      "file": "simpledrawer:render/minecraft/item/redstone.png",
      "ascent": 6,
      "height": 16,
      "chars": [
        "\uff21"
      ]
    },
    {
      "type": "bitmap",
      "file": "simpledrawer:render/minecraft/item/hopper.png",
      "ascent": 8,
      "height": 16,
      "chars": [
        "\uff22"
      ]
    },
    {
      "type": "bitmap",
      "file": "simpledrawer:render/minecraft/item/hopper.png",
      "ascent": 7,
      "height": 16,
      "chars": [
        "\uff23"
      ]
    },
    {
      "type": "bitmap",
      "file": "simpledrawer:render/minecraft/item/hopper.png",
      "ascent": 6,
      "height": 16,
      "chars": [
        "\uff24"
      ]
    },
    {
      "type": "bitmap",
      "file": "simpledrawer:render/minecraft/item/crafting_table.png",
      "ascent": 8,
      "height": 16,
      "chars": [
        "\uff37"
      ]
    },
    {
      "type": "bitmap",
      "file": "simpledrawer:render/minecraft/item/crafting_table.png",
      "ascent": 7,
      "height": 16,
      "chars": [
        "\uff38"
      ]
    },
    {
      "type": "bitmap",
      "file": "simpledrawer:render/minecraft/item/crafting_table.png",
      "ascent": 6,
      "height": 16,
      "chars": [
        "\uff39"
      ]
    },
    {
      "type": "bitmap",
      "file": "simpledrawer:render/minecraft/item/oak_log.png",
      "ascent": 8,
      "height": 16,
      "chars": [
        "\uff28"
      ]
    },
    {
      "type": "bitmap",
      "file": "simpledrawer:render/minecraft/item/oak_log.png",
      "ascent": 7,
      "height": 16,
      "chars": [
        "\uff29"
      ]
    },
    {
      "type": "bitmap",
      "file": "simpledrawer:render/minecraft/item/oak_log.png",
      "ascent": 6,
      "height": 16,
      "chars": [
        "\uff2a"
      ]
    },
    {
      "type": "bitmap",
      "file": "simpledrawer:render/minecraft/item/smooth_stone.png",
      "ascent": 8,
      "height": 16,
      "chars": [
        "\uff3d"
      ]
    },
    {
      "type": "bitmap",
      "file": "simpledrawer:render/minecraft/item/smooth_stone.png",
      "ascent": 7,
      "height": 16,
      "chars": [
        "\uff3e"
      ]
    },
    {
      "type": "bitmap",
      "file": "simpledrawer:render/minecraft/item/smooth_stone.png",
      "ascent": 6,
      "height": 16,
      "chars": [
        "\uff3f"
      ]
    },
    {
      "type": "bitmap",
      "file": "simpledrawer:render/minecraft/item/gold_ingot.png",
      "ascent": 8,
      "height": 16,
      "chars": [
        "\uff2e"
      ]
    },
    {
      "type": "bitmap",
      "file": "simpledrawer:render/minecraft/item/gold_ingot.png",
      "ascent": 7,
      "height": 16,
      "chars": [
        "\uff2f"
      ]
    },
    {
      "type": "bitmap",
      "file": "simpledrawer:render/minecraft/item/gold_ingot.png",
      "ascent": 6,
      "height": 16,
      "chars": [
        "\uff30"
      ]
    },
    {
      "type": "bitmap",
      "file": "simpledrawer:render/minecraft/item/book.png",
      "ascent": 8,
      "height": 16,
      "chars": [
        "\uff31"
      ]
    },
    {
      "type": "bitmap",
      "file": "simpledrawer:render/minecraft/item/book.png",
      "ascent": 7,
      "height": 16,
      "chars": [
        "\uff32"
      ]
    },
    {
      "type": "bitmap",
      "file": "simpledrawer:render/minecraft/item/book.png",
      "ascent": 6,
      "height": 16,
      "chars": [
        "\uff33"
      ]
    },
    {
      "type": "bitmap",
      "file": "simpledrawer:render/simpledrawer/block/chest.png",
      "ascent": 8,
      "height": 16,
      "chars": [
        "\uff34"
      ]
    },
    {
      "type": "bitmap",
      "file": "simpledrawer:render/simpledrawer/block/chest.png",
      "ascent": 7,
      "height": 16,
      "chars": [
        "\uff35"
      ]
    },
    {
      "type": "bitmap",
      "file": "simpledrawer:render/simpledrawer/block/chest.png",
      "ascent": 6,
      "height": 16,
      "chars": [
        "\uff36"
      ]
    },
    {
      "type": "bitmap",
      "file": "simpledrawer:render/minecraft/item/piston.png",
      "ascent": 8,
      "height": 16,
      "chars": [
        "\uff3a"
      ]
    },
    {
      "type": "bitmap",
      "file": "simpledrawer:render/minecraft/item/piston.png",
      "ascent": 7,
      "height": 16,
      "chars": [
        "\uff3b"
      ]
    },
    {
      "type": "bitmap",
      "file": "simpledrawer:render/minecraft/item/piston.png",
      "ascent": 6,
      "height": 16,
      "chars": [
        "\uff3c"
      ]
    },
    {
      "type": "bitmap",
      "file": "simpledrawer:render/smithed.crafter/block/table.png",
      "ascent": 8,
      "height": 16,
      "chars": [
        "\uff40"
      ]
    },
    {
      "type": "bitmap",
      "file": "simpledrawer:render/smithed.crafter/block/table.png",
      "ascent": 7,
      "height": 16,
      "chars": [
        "\uff41"
      ]
    },
    {
      "type": "bitmap",
      "file": "simpledrawer:render/smithed.crafter/block/table.png",
      "ascent": 6,
      "height": 16,
      "chars": [
        "\uff42"
      ]
    },
    {
      "type": "bitmap",
      "file": "simpledrawer:render/simpledrawer/block/new_drawer/oak_full_drawers_1.png",
      "ascent": 8,
      "height": 16,
      "chars": [
        "\uff43"
      ]
    },
    {
      "type": "bitmap",
      "file": "simpledrawer:render/simpledrawer/block/new_drawer/oak_full_drawers_1.png",
      "ascent": 7,
      "height": 16,
      "chars": [
        "\uff44"
      ]
    },
    {
      "type": "bitmap",
      "file": "simpledrawer:render/simpledrawer/block/new_drawer/oak_full_drawers_1.png",
      "ascent": 6,
      "height": 16,
      "chars": [
        "\uff45"
      ]
    },
    {
      "type": "bitmap",
      "file": "simpledrawer:render/simpledrawer/block/new_drawer/oak_full_drawers_2.png",
      "ascent": 8,
      "height": 16,
      "chars": [
        "\uff46"
      ]
    },
    {
      "type": "bitmap",
      "file": "simpledrawer:render/simpledrawer/block/new_drawer/oak_full_drawers_2.png",
      "ascent": 7,
      "height": 16,
      "chars": [
        "\uff47"
      ]
    },
    {
      "type": "bitmap",
      "file": "simpledrawer:render/simpledrawer/block/new_drawer/oak_full_drawers_2.png",
      "ascent": 6,
      "height": 16,
      "chars": [
        "\uff48"
      ]
    },
    {
      "type": "bitmap",
      "file": "simpledrawer:render/simpledrawer/block/new_drawer/oak_full_drawers_4.png",
      "ascent": 8,
      "height": 16,
      "chars": [
        "\uff49"
      ]
    },
    {
      "type": "bitmap",
      "file": "simpledrawer:render/simpledrawer/block/new_drawer/oak_full_drawers_4.png",
      "ascent": 7,
      "height": 16,
      "chars": [
        "\uff4a"
      ]
    },
    {
      "type": "bitmap",
      "file": "simpledrawer:render/simpledrawer/block/new_drawer/oak_full_drawers_4.png",
      "ascent": 6,
      "height": 16,
      "chars": [
        "\uff4b"
      ]
    },
    {
      "type": "bitmap",
      "file": "simpledrawer:render/simpledrawer/block/new_drawer/compdrawers_open1.png",
      "ascent": 8,
      "height": 16,
      "chars": [
        "\uff4c"
      ]
    },
    {
      "type": "bitmap",
      "file": "simpledrawer:render/simpledrawer/block/new_drawer/compdrawers_open1.png",
      "ascent": 7,
      "height": 16,
      "chars": [
        "\uff4d"
      ]
    },
    {
      "type": "bitmap",
      "file": "simpledrawer:render/simpledrawer/block/new_drawer/compdrawers_open1.png",
      "ascent": 6,
      "height": 16,
      "chars": [
        "\uff4e"
      ]
    },
    {
      "type": "bitmap",
      "file": "simpledrawer:render/simpledrawer/item/hopper_upgrade.png",
      "ascent": 8,
      "height": 16,
      "chars": [
        "\uff4f"
      ]
    },
    {
      "type": "bitmap",
      "file": "simpledrawer:render/simpledrawer/item/hopper_upgrade.png",
      "ascent": 7,
      "height": 16,
      "chars": [
        "\uff50"
      ]
    },
    {
      "type": "bitmap",
      "file": "simpledrawer:render/simpledrawer/item/hopper_upgrade.png",
      "ascent": 6,
      "height": 16,
      "chars": [
        "\uff51"
      ]
    },
    {
      "type": "bitmap",
      "file": "simpledrawer:render/simpledrawer/item/iron_upgrade.png",
      "ascent": 8,
      "height": 16,
      "chars": [
        "\uff52"
      ]
    },
    {
      "type": "bitmap",
      "file": "simpledrawer:render/simpledrawer/item/iron_upgrade.png",
      "ascent": 7,
      "height": 16,
      "chars": [
        "\uff53"
      ]
    },
    {
      "type": "bitmap",
      "file": "simpledrawer:render/simpledrawer/item/iron_upgrade.png",
      "ascent": 6,
      "height": 16,
      "chars": [
        "\uff54"
      ]
    },
    {
      "type": "bitmap",
      "file": "simpledrawer:render/simpledrawer/item/gold_upgrade.png",
      "ascent": 8,
      "height": 16,
      "chars": [
        "\uff55"
      ]
    },
    {
      "type": "bitmap",
      "file": "simpledrawer:render/simpledrawer/item/gold_upgrade.png",
      "ascent": 7,
      "height": 16,
      "chars": [
        "\uff56"
      ]
    },
    {
      "type": "bitmap",
      "file": "simpledrawer:render/simpledrawer/item/gold_upgrade.png",
      "ascent": 6,
      "height": 16,
      "chars": [
        "\uff57"
      ]
    },
    {
      "type": "bitmap",
      "file": "simpledrawer:render/simpledrawer/item/diamond_upgrade.png",
      "ascent": 8,
      "height": 16,
      "chars": [
        "\uff58"
      ]
    },
    {
      "type": "bitmap",
      "file": "simpledrawer:render/simpledrawer/item/diamond_upgrade.png",
      "ascent": 7,
      "height": 16,
      "chars": [
        "\uff59"
      ]
    },
    {
      "type": "bitmap",
      "file": "simpledrawer:render/simpledrawer/item/diamond_upgrade.png",
      "ascent": 6,
      "height": 16,
      "chars": [
        "\uff5a"
      ]
    },
    {
      "type": "bitmap",
      "file": "simpledrawer:render/simpledrawer/item/star_upgrade.png",
      "ascent": 8,
      "height": 16,
      "chars": [
        "\uff5b"
      ]
    },
    {
      "type": "bitmap",
      "file": "simpledrawer:render/simpledrawer/item/star_upgrade.png",
      "ascent": 7,
      "height": 16,
      "chars": [
        "\uff5c"
      ]
    },
    {
      "type": "bitmap",
      "file": "simpledrawer:render/simpledrawer/item/star_upgrade.png",
      "ascent": 6,
      "height": 16,
      "chars": [
        "\uff5d"
      ]
    },
    {
      "type": "bitmap",
      "file": "simpledrawer:render/simpledrawer/item/netherite_upgrade.png",
      "ascent": 8,
      "height": 16,
      "chars": [
        "\uff5e"
      ]
    },
    {
      "type": "bitmap",
      "file": "simpledrawer:render/simpledrawer/item/netherite_upgrade.png",
      "ascent": 7,
      "height": 16,
      "chars": [
        "\uff5f"
      ]
    },
    {
      "type": "bitmap",
      "file": "simpledrawer:render/simpledrawer/item/netherite_upgrade.png",
      "ascent": 6,
      "height": 16,
      "chars": [
        "\uff60"
      ]
    },
    {
      "type": "bitmap",
      "file": "simpledrawer:render/simpledrawer/item/downgrade_wrench.png",
      "ascent": 8,
      "height": 16,
      "chars": [
        "\uff61"
      ]
    },
    {
      "type": "bitmap",
      "file": "simpledrawer:render/simpledrawer/item/downgrade_wrench.png",
      "ascent": 7,
      "height": 16,
      "chars": [
        "\uff62"
      ]
    },
    {
      "type": "bitmap",
      "file": "simpledrawer:render/simpledrawer/item/downgrade_wrench.png",
      "ascent": 6,
      "height": 16,
      "chars": [
        "\uff63"
      ]
    },
    {
      "type": "bitmap",
      "file": "simpledrawer:render/simpledrawer/item/guide.png",
      "ascent": 8,
      "height": 16,
      "chars": [
        "\uff64"
      ]
    },
    {
      "type": "bitmap",
      "file": "simpledrawer:render/simpledrawer/item/guide.png",
      "ascent": 7,
      "height": 16,
      "chars": [
        "\uff65"
      ]
    },
    {
      "type": "bitmap",
      "file": "simpledrawer:render/simpledrawer/item/guide.png",
      "ascent": 6,
      "height": 16,
      "chars": [
        "\uff66"
      ]
    }
  ]
}
