{
  "parent": "minecraft:block/orientable_with_bottom",
  "textures": {
    "top": "simpledrawer:item/vide",
    "bottom": "simpledrawer:item/vide",
    "side": "simpledrawer:item/vide",
    "front": "simpledrawer:item/vide",
    "particle": "simpledrawer:item/vide"
  },
  "display": {
    "fixed": {
      "rotation": [
        -90,
        0,
        0
      ],
      "translation": [
        0,
        0,
        -16
      ],
      "scale": [
        2.001,
        2.001,
        2.001
      ]
    }
  },
  "ambientocclusion": false
}
